Wherever I'm going...,0,1,"Hi! 

First off, thanks for coming to our wedding! This is an app called __WIGI__, short for _""Wherever I'm going, I'm happy you're coming""_. It's a line from our first dance song, _Pretty Boy_ by The Neighbourhood. This is a list of locations Alyssa and I have been throughout our time together. Not exhaustive, but I did my best to include everywhere we took pictures. This is the first card of 80-or-so locations. You can swipe through the cards horizontally (swipe left!), and you can swipe through the pictures on each individual card. Each card has a short blurb about the location, and below that is an interactive Google Maps pin of the location itself. Scroll through the cards and travel with us!

For the programmers here -- the source code can be found at https://github.com/ajsampang67/wigi . It's a pretty simple widget-based app written in Dart with Flutter. Very similar to Javascript with React Native. Highly recommend! The app took me about a month to create, from knowing nothing about Dart/Flutter to what you're looking at now. It's deployed on an EC2 instance using docker-compose, served via nginx webserver alongside my personal website.

This first pin below is Jade Mountain, our honeymoon destination!",13.86377037,-61.07620687,2023-10,,,,
The BRIX on the Fox,1,6,"Welcome to our wedding venue, The BRIX on the Fox! This building is originally a condensed milk factory, built in 1880. In 2018, Rob and Tone Gorman renovated the space into a one-stop wedding venue overlooking the Fox River.

In May of 2022, Alyssa and I were in the middle of our venue tours. The BRIX was the third spot we'd visit, but the last one we'd need. Alyssa and I got in the car and discussed how this was the first venue we could picture getting married. On the trip from The BRIX to the next venue, _Pretty Boy_ by The Neighbourhood came on, and we immediately knew it would be our first dance song.

The Brix is a pretty cool venue. Rob and Tone were purposeful in their renovation of The Brix. The acoustics of the Two-Sixty are targeted such that the dance floor will BOOM without flooding too much noise into the seating area. The ceilings are set up with infrastructure for separating the room into areas for the ceremony, and then shortly after for cocktail hour and reception. Rob and Tone showed their drive to make a beautiful wedding space, and in turn, made the decision easy to make our love official in this space.",42.10493996,-88.28448383,2022-5,2023-02,,,
University of Illinois Urbana-Champaign,2,10,"Alyssa and I met at the University of Illinois at Urbana-Champaign. Here we took a GenEd, Latin American Studies together. We met when our mutual friends sat together, where I took the empty seat next to Alyssa. We chatted through the class and parted ways. A few days later, I go over to my friend's apartment to grab some of my beers from their fridge and lo-and-behold! Alyssa was there! She was friends with my neighboring apartment as they were both in UIUC's nursing program.

From there, we were lucky enough to hang out more and get to know one another. We went on lunch dates and study dates. We spent time at the Underground Library enjoying Bad and Boujee and Pillow Talk music videos on repeat. We spent hours watching the Jimmy Neutron Movie while writing an essay about Latin American coups. We enjoyed our midnight cheese snacks and insomnia cookies. We worked hard and played harder, and somehow came out with our degrees!",40.1670741,-88.2210401,2016-4,2018-04,2018-05,,
UI Ice Arena,3,3,"The UI Ice Arena was a pretty regular place for the two of us. We were at UIUC right at the tail end of the Blackhawks' run, resulting in myself having some interest in learning how to skate in hockey skates. Alyssa, more of a natural, had 14 years of figure skating experience already under her belt! The pictures you see above are July of 2016 from our first ice skating date, and again in December of 2017 for a special holiday-themed skate",40.1061521,-88.2321633,2016-7,2017-12,,,
"Chicago, IL",4,13,"Chicago is where Alyssa and I had our first _real real_ date. Ally had told me that despite her living in Chicago, she never went to any of the tourist spots. She'd never been to The Bean, gone to the top of the Sears Tower, or ridden the Ferris wheel at Navy Pier! I grabbed us some disposable cameras and took her on a tourist date around the city. The first few photos you see are just that; they're a bit vintage looking from the cheap film of the disposable. 

Other than that, it's only natural we'd visit the city fairly often. We liked to go in the winter to visit the Christkindlmarket, do some Macy's window shopping, and take some pictures with the big tree. The last couple of photos are from some double dates we had with our good friends Alyssa and Promit, who are sweet enough to make time for us every time they're back in the area!",41.87930319,-87.62518347,2016-8,2016-12,2017-12,2018-11,2022-12
Curtis Orchard & Pumpkin Patch,5,5,"Curtis is a nice farm out in Champaign. Alyssa is a real Autumn Ally and makes sure we visit a pumpkin patch every year. They've got a big chair, petting zoo, and delicious hot apple cider! 

_""I like it! We go there a lot when we were young spring chickens, and I like it. What are you saying about it Alf? That you like it?""_ - Alyssa Nicole",40.0641298,-88.2933331,2016-10,2017-10,,,
The Sampangs',6,2,December of 2016 was the first holiday season we spent together. Enjoy a quick couple of pictures of Alyssa spending time with the Sampang's on Christmas!,41.6146008,-87.7272501,2016-12,,,,
United Center,7,4,"Just after the New Year of 2017, Alyssa got us some Blackhawks tickets for our first NHL game together! This is the day we first consider ourselves ""official"", January 5th of 2016. Since then we celebrate every 5th of the month as ""Buns Day"" (like pork bun, because Ally is cute like a pork bun). We make sure to have a nice dinner date, or watch a movie, or at very least fit in an extra face kiss!

On this day I actually accidentally threw out our Hawks tickets before the game! This was back when they __only__ accepted paper tickets. The hotel had already taken away our trash, and I begged the front desk to dig through the trash and retrieve it for us. Lucky for us, they called back half an hour later, and found it! Alyssa and I attended the game and had a fantastic time. Patrick Kane scored the GWG in OT on a breakaway as Alyssa took a bathroom break.",41.8812732,-87.6725055,2017-1,2022-04,,,
Beckwith at UIUC,8,4,"Beckwith is a residential community at UIUC dedicated to students with severe physical disabilities, in which Beckwith assists these residents in the transition to independent living. Alyssa worked as a CNA assisting students with some of their daily tasks, such as getting ready for bed or preparing meals for the day. 

The photos in this slide are from the yearly Beckwith semi-formal 2018 and 2019! We got to dress up with a theme and have dinner with everyone. The people Alyssa got to work with were always so sweet, Lauren was a huge Panic! at the Disco fan like myself, and our good friend Danny who always made us laugh went on to become a successful lawyer after school!",40.10381609,-88.23698142,2017-4,2018-04,,,
Six Flags Great America,9,1,"I hate rollercoasters, but Alyssa loves them! Somehow she got me to go along with her in May of 2017 and I went on _almost_ every ride with her. I will never go on giant drops, and I hate wooden roller coasters. Alyssa had a great time though.

_""Aj hated every second of it""_ - Alyssa Nicole",42.36550379,-87.93196847,2017-5,,,,
"Durham, NC",10,4,,35.99446404,-78.89867446,2017-6,,,,
Christkindlmarket Chicago,11,3,,41.8842908,-87.6296981,2017-11,2019-12,2021-12,,
Sakanaya,12,1,,40.11031334,-88.23288648,2018-2,,,,
Hotel Riu Santa Fe,13,5,,22.8947851,-109.8992511,2018-4,,,,
"La Paz, Mexico",14,4,,24.14248198,-110.3127619,2018-4,,,,
Starved Rock State Park,15,2,,41.3104569,-89.030739,2018-5,,,,
Brookfield Zoo,16,4,,41.83318454,-87.83695448,2018-5,,,,
"Ann Arbor, MI",17,3,,42.27724073,-83.73820002,2018-6,,,,
Bengtson's Pumpkin Farm and Fall Fest,18,2,,41.6136803,-87.9445349,2018-10,2019-10,,,
Disneyland Park,19,8,,33.81196332,-117.9189246,2018-10,,,,
Ohshima Japanese Cuisine,20,3,,33.82053698,-117.8366981,2018-10,,,,
"Oak Forest, IL",21,10,,41.6481341,-87.674646,2018-10,,,,
Wu's House Orland Park,22,1,,41.5932383,-87.853052,2018-11,,,,
"Indianapolis, IN",23,6,,39.927392,-85.9373789,2018-12,2019-06,,,
Laugh Factory,24,2,,41.939827,-87.6439133,2019-1,,,,
"Lake Geneva, WI",25,4,,42.615181,-88.3935269,2019-2,,,,
Mizu Sushi House,26,1,,41.65330826,-87.8570551,2019-2,,,,
Royal Gorge Bridge & Park,27,14,,38.46377136,-105.3224596,2019-5,,,,
Blue Moon Brewing Company,28,3,,39.7738992,-104.9765201,2019-5,,,,
Denver Botanic Gardens,29,6,,39.7319275,-104.9627392,2019-5,,,,
Garden of the Gods,30,14,,38.8963911,-104.8038701,2019-5,,,,
"St. Louis, MO",31,5,,38.62517324,-90.18673568,2019-5,,,,
Chicago Botanic Garden,32,11,,42.149384,-87.7891973,2019-9,2022-12,2023-05,,
Loyola University Health Science Campus,33,3,,41.85863525,-87.83531441,2019-12,,,,
The Haven Riviera Cancún,34,13,,20.96628036,-86.83252691,2019-12,,,,
Universal Studios Hollywood,35,7,,34.1362554,-118.3518877,2020-1,,,,
Hollywood Wax Museum,36,7,,34.1022395,-118.3380274,2020-1,,,,
Shedd Aquarium,37,8,,41.86756455,-87.61402727,2020-1,,,,
Safari Lake Geneva ,38,5,,42.55341823,-88.37995403,2020-7,,,,
All Seasons Orchard,39,5,,42.2561545,-88.4795227,2020-9,,,,
Elmhurst,40,12,,41.90544527,-87.94153631,2020-11,,,,
Little Switzerland Ski Area,41,2,,43.3381484,-88.2785931,2021-1,,,,
Granby Ranch,42,11,,40.0448195,-105.9059847,2021-2,,,,
Kizuna Sushi Bistro,43,1,,41.86008699,-88.029653,2021-3,,,,
Victory Meat and Seafood,44,2,,41.9005001,-87.9401441,2021-5,,,,
Discovery Cove,45,4,,28.40503843,-81.46310147,2021-5,,,,
Downtown Disney District,46,4,,33.8324659,-117.891789,2021-5,,,,
Epcot,47,14,,28.37640257,-81.54939267,2021-5,,,,
Chocolate Museum & Cafe,48,2,,28.3938692,-81.46496554,2021-5,,,,
Elmhurst Art Museum,49,1,,41.8981085,-87.9426856,2021-7,,,,
Salem Common,50,4,,42.5255577,-70.8887312,2021-9,,,,
Schooner Fame,51,4,,42.5196746,-70.8874363,2021-9,,,,
"Salem, MA",52,9,,42.51966918,-70.89543775,2021-9,,,,
"Boston, MA",53,4,,42.35981158,-71.05897478,2021-9,,,,
Kamehachi,54,2,,41.90991195,-87.63443104,2021-9,,,,
Lighthouse ArtSpace Chicago,55,3,,41.9105355,-87.63201764,2021-9,,,,
La Grange,56,23,,41.81863787,-87.86795887,2021-10,2022-07,,,
West Loop,57,1,,41.88521979,-87.66290254,2021-10,,,,
Hoffman Estates,58,3,,42.06789907,-88.122215,2021-12,2022-12,,,
Raisu,59,1,,41.95409849,-87.70284663,2022-1,,,,
Dreams Jade Resort & Spa,60,4,,20.82955701,-86.89459475,2022-2,,,,
Chichén-Itzá,61,5,,20.67911302,-88.56831456,2022-2,,,,
"Quintana Roo, Mexico",62,14,,20.54728557,-87.15728063,2022-2,,,,
Page Springs Cellars,63,4,,34.7580801,-111.8948437,2022-4,,,,
Grand Canyon National Park,64,8,,36.25806153,-112.3436978,2022-4,,,,
Verde River Greenway State Natural Area,65,7,,34.75250567,-112.0017633,2022-4,,,,
"Sedona, AZ",66,19,,34.88319936,-111.8894476,2022-4,,,,
Devil's Bridge Trailhead,67,7,,34.9038466,-111.8072994,2022-4,,,,
Rockwell on the River,68,2,,41.9377146,-87.6911303,2022-5,,,,
Busse Lake,69,2,,42.02473505,-88.01507653,2022-6,,,,
Machine: Engineered Dining & Drink,70,1,,41.903641,-87.6739106,2022-6,,,,
"Mackinac Island, MI",71,12,,45.86985708,-84.62720325,2022-9,2022-10,,,
"St. Joseph, MI",72,6,,42.09361633,-86.48979184,2022-9,,,,
"Benton Harbor, MI",73,7,,48.3056109,-82.122805,2022-10,,,,
Goebbert's Farm,74,3,,42.0684843,-88.1662042,2022-10,,,,
The Morton Arboretum,75,4,,41.8147009,-88.0705406,2022-11,,,,
The Jordans',76,7,,41.9787858,-87.8145871,2022-12,,,,
Joe's on Weed St.,77,1,,41.9103109,-87.6519016,2022-12,,,,
Athena Greek Restaurant,78,1,,41.8788559,-87.6473869,2022-12,,,,
Sushi Dokku (Booze Box),79,5,,41.88404628,-87.64844817,2023-1,2023-04,,,
Puttshack,80,1,,41.84868987,-87.95305069,2023-2,,,,
Wagyu House by The X Pot Chicago 和牛自助火锅烤肉,81,1,,41.86759998,-87.63191559,2023-2,,,,
BomboBar,82,1,,41.8847896,-87.6487317,2023-4,,,,
Bob Chinn's Crab House,83,1,,42.1344048,-87.9019009,2023-5,,,,
Napleton's Palatine Mazda,84,2,,42.14362777,-88.02543812,2023-7,,,,
Loft Lucia,85,3,,41.8820589,-87.6528821,2023-7,,,,
Cooper's Cove At Heritage Park,86,3,,35.6737841,-83.7634467,2023-8,,,,